question,diet,document
What evidence exists to support the effectiveness of a ketogenic diet for weight loss?,keto diet,973d6f85
How does the initial weight loss on a ketogenic diet compare to other diets over time?,keto diet,973d6f85
What is the impact of carbohydrate intake on overall calorie consumption in a ketogenic diet?,keto diet,973d6f85
Can excess fat consumption on a ketogenic diet lead to weight gain?,keto diet,973d6f85
What role do water loss and fat loss play in the rapid weight loss associated with ketogenic diets?,keto diet,973d6f85
Can you explain the main principles of the ketogenic diet?,keto diet,f5ef0117
How does the keto diet affect carbohydrate and fat intake?,keto diet,f5ef0117
What metabolic state does the body enter when following the keto diet?,keto diet,f5ef0117
What are the benefits of having elevated ketones in the body?,keto diet,f5ef0117
In what ways does the keto diet impact blood sugar and insulin levels?,keto diet,f5ef0117
Is the ketogenic diet beneficial for everyone?,keto diet,5ae7a1b5
What are the main health concerns of the ketogenic diet?,keto diet,5ae7a1b5
Who might be advised to follow a ketogenic diet?,keto diet,5ae7a1b5
How does the ketogenic diet affect heart health?,keto diet,5ae7a1b5
What types of foods are limited in a ketogenic diet?,keto diet,5ae7a1b5
What types of eggs are recommended for a keto meal plan?,keto diet,c625fd9e
Which meats are suitable for the keto diet?,keto diet,c625fd9e
What kinds of dairy should I include in my keto meals?,keto diet,c625fd9e
What types of nuts and seeds can I eat on a keto diet?,keto diet,c625fd9e
Are there any specific oils that are recommended for cooking in a keto diet?,keto diet,c625fd9e
What is the typical rate of weight loss for individuals following a ketogenic diet?,keto diet,9ec6094c
Can you provide examples of weight loss achievements by obese patients on the keto diet?,keto diet,9ec6094c
How does weight loss on the keto diet compare to low-fat diets according to studies?,keto diet,9ec6094c
Is it possible to lose 20 pounds in a short period on the keto diet?,keto diet,9ec6094c
What was the weight loss result for individuals with obesity and type 2 diabetes on the ketogenic diet?,keto diet,9ec6094c
What advantages does following a keto diet offer?,keto diet,e16ef5cc
How can a keto diet impact my skin condition?,keto diet,e16ef5cc
Are there any potential health benefits related to cancer risk with a keto diet?,keto diet,e16ef5cc
In what ways might the keto diet contribute to heart health?,keto diet,e16ef5cc
Can the keto diet have effects on seizure management or brain function?,keto diet,e16ef5cc
How does the ketogenic diet differ from other low-carb diets in terms of carb intake?,keto diet,25cd0a46
What was your daily target for carbohydrate consumption while following the keto diet?,keto diet,25cd0a46
Can you explain the concept of net carbs and how it applies to the ketogenic diet?,keto diet,25cd0a46
What was your strategy for managing meals and snacks during your 14-day keto diet?,keto diet,25cd0a46
Why is planning considered crucial for successfully adhering to the keto diet?,keto diet,25cd0a46
What is the typical timeframe to notice results when following the keto diet?,keto diet,d575b7e4
What factors might influence how quickly I see results on the keto diet?,keto diet,d575b7e4
Are there specific side effects I should be aware of before starting the keto diet?,keto diet,d575b7e4
What types of foods are recommended for someone on the keto diet?,keto diet,d575b7e4
How does the keto diet contribute to weight loss compared to other diet plans?,keto diet,d575b7e4
What are the potential health risks associated with the keto diet?,keto diet,c85cad6f
Who should avoid the keto diet due to health conditions?,keto diet,c85cad6f
What symptoms might someone experience when starting the keto diet?,keto diet,c85cad6f
Can following a strict keto diet lead to social challenges?,keto diet,c85cad6f
What nutritional issues could arise from adhering to the keto diet?,keto diet,c85cad6f
What benefits can one expect from following a ketogenic diet?,keto diet,6d61cf05
Are there any potential negative effects associated with the keto diet?,keto diet,6d61cf05
How does a ketogenic diet impact cholesterol levels?,keto diet,6d61cf05
What are some common challenges people face when starting a keto diet?,keto diet,6d61cf05
Is the ketogenic diet suitable for individuals with diabetes?,keto diet,6d61cf05
What is the primary energy source for the body in a typical American diet?,keto diet,27be82fc
What does the body use for energy when following a ketogenic diet?,keto diet,27be82fc
"What happens to glucose in the body when you adopt a high-fat, low-carb diet?",keto diet,27be82fc
Can you explain the process of ketosis in relation to the keto diet?,keto diet,27be82fc
Why is the ketogenic diet named after the process of ketosis?,keto diet,27be82fc
What are the primary changes I can expect in my hunger levels while following a Keto diet?,keto diet,2461f72a
What are some potential health risks associated with the Optima keto diet?,keto diet,2461f72a
How might a strict ketogenic diet affect my social life and eating habits?,keto diet,2461f72a
Are there any specific medical conditions that make the Keto diet unsafe?,keto diet,2461f72a
In what ways can ketosis positively impact energy levels and cognitive function?,keto diet,2461f72a
Can one build muscle effectively on a ketogenic diet?,keto diet,a4bded79
How does the ketogenic diet compare to a traditional Western diet for muscle gain?,keto diet,a4bded79
Is there any evidence that the keto diet can help with strength and performance improvements?,keto diet,a4bded79
What should someone expect regarding strength when starting a ketogenic diet?,keto diet,a4bded79
Does the ketogenic diet facilitate fat loss while promoting muscle gain?,keto diet,a4bded79
What types of foods are restricted on the keto diet?,keto diet,4ef0673a
Are there specific fruits that should be avoided in a keto lifestyle?,keto diet,4ef0673a
Can you have sweetened yogurt while following the keto diet?,keto diet,4ef0673a
What are some examples of baked goods that are not allowed on keto?,keto diet,4ef0673a
Is it permissible to consume juices on the keto diet?,keto diet,4ef0673a
What are some Indian vegetarian dishes suitable for a keto diet?,keto diet,8b88dcbe
Can paneer be included in a keto-friendly meal?,keto diet,8b88dcbe
What types of kebabs can be made on a keto diet?,keto diet,8b88dcbe
Are there keto-friendly curry options for vegetarians in India?,keto diet,8b88dcbe
What proteins are preferable for vegetarians on a keto diet?,keto diet,8b88dcbe
What macronutrient distribution should I aim for on a ketogenic diet?,keto diet,6334339f
Which types of foods are ideal for a keto diet?,keto diet,6334339f
How many carbs can I consume daily on a ketogenic diet?,keto diet,6334339f
What types of beverages are permitted on a keto diet?,keto diet,6334339f
Are there any food types I should avoid while following a keto diet?,keto diet,6334339f
What are the potential long-term effects of following the keto diet?,keto diet,418404aa
Are there specific health benefits associated with the keto diet?,keto diet,418404aa
What risks should I be aware of if I start the keto diet without professional guidance?,keto diet,418404aa
How important is it to manage nutrient intake while on the keto diet?,keto diet,418404aa
"What should I consider before deciding to start any diet, including keto?",keto diet,418404aa
What are the initial steps to begin a keto diet easily?,keto diet,42c7343f
Which foods should I focus on for the keto diet?,keto diet,42c7343f
How can I manage my protein intake on a keto diet?,keto diet,42c7343f
What should I be aware of regarding hydration on the keto diet?,keto diet,42c7343f
What is the ‘Keto Flu’ and how can I prepare for it?,keto diet,42c7343f
What is the recommended duration for following a keto diet?,keto diet,d19c2e6b
How long do experts suggest staying on a keto diet?,keto diet,d19c2e6b
Is there a maximum period for which one should adhere to keto?,keto diet,d19c2e6b
What do nutritionists say about the length of a keto diet?,keto diet,d19c2e6b
For how many months is it advisable to continue the keto diet?,keto diet,d19c2e6b
What factors are contributing to the rising popularity of the ketogenic diet?,keto diet,999384c5
Why has the ketogenic diet sparked controversy despite its popularity?,keto diet,999384c5
What is the significance of the shift from fat-free diets to high-fat low-carb diets?,keto diet,999384c5
How does scientific evidence support the effectiveness of the keto diet?,keto diet,999384c5
What recent research findings are available regarding the statistics and facts about the keto diet?,keto diet,999384c5
What was the original purpose of the Keto Diet according to its history?,keto diet,ddbe583f
Are there any potential risks associated with a high saturated fat intake on the Keto Diet?,keto diet,ddbe583f
What side effects might someone experience shortly after starting a low-carb diet?,keto diet,ddbe583f
"Does the Keto Diet eliminate any significant food groups, and if so, which ones?",keto diet,ddbe583f
Can following the Keto Diet lead to deficiencies in certain nutrients?,keto diet,ddbe583f
What does the research say about the safety of the Keto Diet in the short term?,keto diet,9fca21c3
How does ketosis affect the body's usual fuel source?,keto diet,9fca21c3
Are there any long-term studies on the effects of the Keto Diet?,keto diet,9fca21c3
What types of foods should be prioritized when following the Keto Diet?,keto diet,9fca21c3
How can medical professionals help in reducing negative health effects of the Keto Diet?,keto diet,9fca21c3
What does it mean for the body to enter a state of ketosis?,keto diet,b9f44140
Is there any risk associated with the keto diet in the short term?,keto diet,b9f44140
How does entering ketosis affect energy sources in the body?,keto diet,b9f44140
What does research say about the long-term effects of being in ketosis?,keto diet,b9f44140
Can most healthy individuals safely experience ketosis for a limited time?,keto diet,b9f44140
"What percentage of fat, protein, and carbohydrates make up a typical keto diet?",keto diet,3774fee7
How many grams of carbohydrates can one consume on a keto diet?,keto diet,3774fee7
What do many people count when tracking their carbohydrate intake on a keto diet?,keto diet,3774fee7
Why isn't fiber included in the carbohydrate total for the keto diet?,keto diet,3774fee7
What types of foods should be avoided to stay in ketosis on a keto diet?,keto diet,3774fee7
Is it possible to consume alcohol while following the keto diet?,keto diet,66b73e2b
What types of alcohol are considered keto-friendly?,keto diet,66b73e2b
How should I adjust my carb intake if I choose to drink alcohol?,keto diet,66b73e2b
Are there any alcoholic beverages that should be avoided on the keto diet?,keto diet,66b73e2b
What are the implications of drinking beer or wine on a keto diet?,keto diet,66b73e2b
What are the initial weight loss results reported by individuals on the keto diet?,keto diet,3e26bc72
Can you provide details about any studies related to weight loss on the keto diet?,keto diet,3e26bc72
How do the weight loss results of keto dieters compare to those on other diets?,keto diet,3e26bc72
Is it possible for someone who is not obese to achieve significant weight loss on the keto diet?,keto diet,3e26bc72
What should I consider regarding the calorie intake while following a ketogenic diet?,keto diet,3e26bc72
What are some examples of low-carb fruits that can be consumed on the keto diet?,keto diet,96fe1bf1
Why is fruit generally not recommended as a main part of the ketogenic diet?,keto diet,96fe1bf1
Can you explain the carb content of berries when following a keto eating plan?,keto diet,96fe1bf1
Are avocado and coconut considered fruits in the context of the keto diet?,keto diet,96fe1bf1
What is the net carb count for raspberries when included in a ketogenic meal plan?,keto diet,96fe1bf1
Are there specific snacks that are not suitable for the keto diet like popcorn and oatmeal?,keto diet,6178f0c7
What is the carbohydrate content of one cup of air-popped popcorn in relation to my daily allowance on keto?,keto diet,6178f0c7
How does the carbohydrate content of oatmeal compare to other snacks on the keto diet?,keto diet,6178f0c7
"Can I include yogurt in my diet, and does its carb content vary depending on the type?",keto diet,6178f0c7
What are some recommended keto-friendly snacks to consider instead of high-carb options?,keto diet,6178f0c7
What exactly is the keto flu and why does it happen when starting the keto diet?,keto diet,94d0a8ad
How long does the keto flu typically last before my body adjusts?,keto diet,94d0a8ad
What symptoms should I expect if I experience the keto flu?,keto diet,94d0a8ad
Is the keto flu a sign that I should stop the keto diet altogether?,keto diet,94d0a8ad
Are there ways to minimize the effects of the keto flu during the transition?,keto diet,94d0a8ad
What specific dietary factors on the keto diet might increase the risk of kidney stones?,keto diet,76303261
How can hydration help reduce the chances of developing kidney stones while on a keto diet?,keto diet,76303261
Are there particular minerals that I should focus on replenishing when following a keto diet?,keto diet,76303261
What does research say about the likelihood of kidney stones for those adhering to a keto diet?,keto diet,76303261
"If I have a history of kidney stones, what should I do before starting a keto diet?",keto diet,76303261
What are the potential effects of the keto diet on my menstrual cycle?,keto diet,e31ce8e1
Can a severely low-carb intake lead to missed or irregular periods in women?,keto diet,e31ce8e1
How might the keto diet impact women with polycystic ovary syndrome (PCOS)?,keto diet,e31ce8e1
What should women consider regarding carbohydrate intake on a keto diet?,keto diet,e31ce8e1
Is it advisable to consult a doctor before using the keto diet as a treatment strategy?,keto diet,e31ce8e1
What is the average weight loss when following a keto diet for a specific duration?,keto diet,0cdef088
What does research indicate about the weight loss results for obese individuals on a very low-calorie keto diet?,keto diet,0cdef088
What is the recommended maximum duration for staying in ketosis on a keto diet?,keto diet,0cdef088
What are the potential risks of adhering to a keto diet for an extended period?,keto diet,0cdef088
What happens to weight after transitioning off a keto diet and increasing carbohydrate intake?,keto diet,0cdef088
What is the relationship between the keto diet and weight loss effects on cholesterol levels?,keto diet,2c0d4643
How does saturated fat intake during the keto diet impact heart disease risk?,keto diet,2c0d4643
What were the findings of the small study involving obese patients on the keto diet and their cholesterol levels?,keto diet,2c0d4643
Why should individuals with heart disease risk factors consult their doctors before starting a keto diet?,keto diet,2c0d4643
How do different types of dietary fats consumed on the keto diet influence cholesterol levels?,keto diet,2c0d4643
What percentage of calories should come from protein in a typical keto diet?,keto diet,8a534072
Why is it a misconception that the ketogenic diet is high in protein?,keto diet,8a534072
What is the recommended amount of protein for someone on a keto diet based on their body weight?,keto diet,8a534072
Can you suggest examples of protein sources that are suitable for the keto diet?,keto diet,8a534072
What types of meat are considered lean options for the keto diet?,keto diet,8a534072
What does recent research suggest about the effectiveness of the Keto Diet for Type 2 diabetes?,keto diet,7ffa1080
How did the participants in the 2017 study respond to the Keto Diet compared to a low-fat diet?,keto diet,7ffa1080
What potential risks should be considered when someone with Type 2 diabetes follows the Keto Diet?,keto diet,7ffa1080
Why is it important for individuals on diabetes medication to consult a doctor before starting the Keto Diet?,keto diet,7ffa1080
Can Type 2 diabetes be reversed through dietary changes like the Keto Diet?,keto diet,7ffa1080
What is meant by keto-adaptation in the context of the keto diet?,keto diet,9d6a5b9f
How long does the process of keto-adaptation typically take to complete?,keto diet,9d6a5b9f
What kind of symptoms might one experience during the transition to keto-adaptation?,keto diet,9d6a5b9f
How does becoming fat-adapted affect carbohydrate cravings?,keto diet,9d6a5b9f
What benefits can one expect after achieving keto-adaptation?,keto diet,9d6a5b9f
What is the keto flu and what symptoms should I expect during this adaptation phase?,keto diet,d3a79a81
How can I effectively prevent the symptoms associated with keto flu?,keto diet,d3a79a81
What changes does my body go through when transitioning to a keto diet?,keto diet,d3a79a81
Are there specific dietary strategies to minimize the discomfort of keto flu?,keto diet,d3a79a81
Why is hydration and salt intake crucial during the initial phase of the keto diet?,keto diet,d3a79a81
What is the typical duration for someone to achieve keto-adaptation?,keto diet,eb7f611c
What factors influence the timeline for becoming keto-adapted?,keto diet,eb7f611c
How does strict carb restriction impact keto-adaptation time?,keto diet,eb7f611c
Can physical activity affect the speed of keto-adaptation?,keto diet,eb7f611c
Is there a range for how long it takes to become fully keto-adapted?,keto diet,eb7f611c
What is the process that leads to the production of ketone bodies in the body?,keto diet,009bb121
How does carbohydrate restriction affect ketosis levels in the body?,keto diet,009bb121
What role does protein intake play in maintaining ketosis?,keto diet,009bb121
"Can the state of ketosis change during the day, and if so, how?",keto diet,009bb121
What strategies can I use to remain in ketosis for an extended period?,keto diet,009bb121
What are the signs that indicate I could be in ketosis?,keto diet,0e083e7a
Is there a reliable way to confirm if I am in ketosis?,keto diet,0e083e7a
What is keto breath and how does it feel?,keto diet,0e083e7a
Can I test my ketone levels at home?,keto diet,0e083e7a
How does being in ketosis affect my mental clarity?,keto diet,0e083e7a
What types of foods can lead to being removed from ketosis?,keto diet,abebc5be
How does consuming carbohydrates affect my state of ketosis?,keto diet,abebc5be
What are the quick methods to re-enter ketosis after being out?,keto diet,abebc5be
Is fasting an effective way to regain ketosis?,keto diet,abebc5be
Are there any recommended supplements to help with ketosis?,keto diet,abebc5be
Is it necessary to track my ketone levels while on the keto diet?,keto diet,36afe359
What methods can I use to monitor my ketone levels effectively?,keto diet,36afe359
Are urine ketone strips reliable for tracking ketone levels?,keto diet,36afe359
Which tracking method provides the most accurate ketone level readings?,keto diet,36afe359
How does tracking ketone levels help with the ketogenic diet?,keto diet,36afe359
How does the ketogenic diet assist with weight loss?,keto diet,afa36902
Can the keto diet have an impact on my blood sugar levels?,keto diet,afa36902
Is it safe to follow the keto diet while on diabetes medication?,keto diet,afa36902
What precautions should I take regarding hypoglycemia on this diet?,keto diet,afa36902
Will the ketogenic diet be suitable for someone with blood sugar management issues?,keto diet,afa36902
Is it necessary to count calories while following a ketogenic diet?,keto diet,916a689d
Can I eat freely on a ketogenic diet without worrying about calories?,keto diet,916a689d
Does the ketogenic diet eliminate the need for calorie restriction?,keto diet,916a689d
Are there any types of ketogenic diets that require calorie counting?,keto diet,916a689d
How does the ketogenic diet affect insulin levels related to weight gain?,keto diet,916a689d
What do insulin load and glycemic index mean in relation to diet?,keto diet,391b4595
How does food affect insulin levels and blood glucose on the keto diet?,keto diet,391b4595
Why is avoiding high-glycemic index foods important for ketosis?,keto diet,391b4595
Can you explain the significance of glycemic index in a ketogenic lifestyle?,keto diet,391b4595
Where can I find a list of foods suitable for a ketogenic diet?,keto diet,391b4595
Can someone who exercises regularly follow a ketogenic diet?,keto diet,17524276
Does research indicate any benefits for active individuals on a keto diet?,keto diet,17524276
Are there any recommendations for workout intensity during the start of a ketogenic diet?,keto diet,17524276
What happens to performance after adapting to a ketogenic diet?,keto diet,17524276
Can I expect improvements in my athletic performance on a keto diet?,keto diet,17524276
Is it necessary to include carb re-feed days in my keto diet?,keto diet,ec289062
Who might benefit from incorporating carbohydrate re-feed days?,keto diet,ec289062
Are there specific ketogenic diets that use carb re-feed days?,keto diet,ec289062
What is the purpose of carbohydrate re-feed days in a keto diet?,keto diet,ec289062
How do re-feed days affect workout performance on a ketogenic diet?,keto diet,ec289062
How does the carbohydrate limit differ between a low-carb diet and a ketogenic diet?,keto diet,7ae8e3d8
In what ways does a ketogenic diet vary in terms of fat and protein content compared to low-carb diets?,keto diet,7ae8e3d8
What is the primary goal of restricting carbohydrates in a ketogenic diet?,keto diet,7ae8e3d8
Can a low-carb diet still allow for a higher carbohydrate intake than a ketogenic diet?,keto diet,7ae8e3d8
What level of carbohydrate restriction defines a ketogenic diet compared to a general low-carb diet?,keto diet,7ae8e3d8
Is it possible to combine intermittent fasting with a ketogenic diet?,keto diet,5f652986
What benefits does intermittent fasting provide while on keto?,keto diet,5f652986
Should I adjust my fasting schedule when on a ketogenic diet?,keto diet,5f652986
Is it essential to be keto-adapted before trying intermittent fasting?,keto diet,5f652986
"Are there any risks of hypoglycemia when fasting on keto, especially for diabetics?",keto diet,5f652986
How would you define a Standard Ketogenic Diet?,keto diet,6c719104
What macronutrients are involved in a ketogenic diet?,keto diet,6c719104
What dietary changes are needed to achieve ketosis?,keto diet,6c719104
What is the primary goal of following a keto diet?,keto diet,6c719104
What is the general structure of a ketogenic diet?,keto diet,6c719104
What is the definition of a ketogenic diet?,keto diet,4f3c281b
How is ketogenesis related to keto diets?,keto diet,4f3c281b
What macronutrient restriction is essential for being in ketosis?,keto diet,4f3c281b
How long does it take to achieve nutritional ketosis?,keto diet,4f3c281b
What happens in the liver during a keto diet?,keto diet,4f3c281b
Can you explain what Nutritional Ketosis means in the context of the keto diet?,keto diet,343284ad
How is the process of ketosis defined and what role does it play in the keto diet?,keto diet,343284ad
What happens to the body during Ketosis and how is it achieved?,keto diet,343284ad
What is the primary source of fuel for the body when in a state of ketosis?,keto diet,343284ad
How does carbohydrate intake affect the state of ketosis in the keto diet?,keto diet,343284ad
What factors influence how quickly I can enter ketosis?,keto diet,ad920ee2
What is the typical duration for achieving ketosis on a keto diet?,keto diet,ad920ee2
How does my activity level affect the time it takes to get into ketosis?,keto diet,ad920ee2
What should I consume in the morning to expedite entering ketosis?,keto diet,ad920ee2
What is the recommended carbohydrate intake to help achieve ketosis?,keto diet,ad920ee2
What dietary changes should I make to boost my ketone levels effectively?,keto diet,79b89408
What is the recommended carbohydrate limit for following a ketogenic diet?,keto diet,79b89408
Are there specific supplements that can help increase ketone production?,keto diet,79b89408
How can intermittent fasting play a role in raising ketone levels?,keto diet,79b89408
"What lifestyle changes, in addition to diet, can support higher ketone levels?",keto diet,79b89408
What are some signs that indicate I might be in ketosis?,keto diet,6919f3b3
How can I confirm my ketosis status with testing tools?,keto diet,6919f3b3
What is the function of Ketostix in measuring ketosis?,keto diet,6919f3b3
Which method is considered the most accurate for checking ketone levels?,keto diet,6919f3b3
What does a blood ketone meter measure specifically?,keto diet,6919f3b3
What are some resources for finding keto recipes online?,keto diet,efb5f0ee
How can I adapt my favorite high-carb recipes to be keto-friendly?,keto diet,efb5f0ee
Are there specific websites dedicated to keto recipes?,keto diet,efb5f0ee
"Can I find breakfast, lunch, and dinner recipes for the keto diet?",keto diet,efb5f0ee
What should I do to search for particular low-carb recipes?,keto diet,efb5f0ee
What are some effective apps for monitoring carbohydrate intake?,keto diet,6d03704c
How do I stay within my daily carb limits on a keto diet?,keto diet,6d03704c
What is the most popular method for tracking carbs on the keto diet?,keto diet,6d03704c
Can you recommend any specific apps for tracking carbs?,keto diet,6d03704c
Why is it important to monitor carbohydrate intake on a keto diet?,keto diet,6d03704c
Is it necessary to count calories while following a keto diet?,keto diet,6b3c892f
Can I lose weight on keto without tracking my calorie intake?,keto diet,6b3c892f
Why do keto foods seem to keep me fuller for longer compared to carbs?,keto diet,6b3c892f
What should I do if I'm not seeing weight loss results on the keto diet?,keto diet,6b3c892f
How can tracking calories help me understand my eating on keto?,keto diet,6b3c892f
Is it possible to consume an excess amount of fat on a keto diet?,keto diet,f68dfdd8
What are the consequences of eating too much fat while on keto?,keto diet,f68dfdd8
How does excessive dietary fat impact weight loss efforts?,keto diet,f68dfdd8
What is a keto calculator and how can it help with my fat intake?,keto diet,f68dfdd8
What should I consider when estimating my daily macros on a keto diet?,keto diet,f68dfdd8
What is the initial weight loss I can expect during the first week of the keto diet?,keto diet,55f7a1ca
Is the weight lost in the first week primarily from fat or fluid?,keto diet,55f7a1ca
"After the first week on keto, what is the average weight loss per week?",keto diet,55f7a1ca
How does being in a calorie deficit affect weight loss on the keto diet?,keto diet,55f7a1ca
Can I continue to lose weight on keto after the initial rapid loss?,keto diet,55f7a1ca
"How does the keto diet affect cholesterol levels, particularly HDL and LDL?",keto diet,4f010bc4
What changes in triglyceride levels can be expected on a keto diet?,keto diet,4f010bc4
Can you elaborate on how the keto diet influences heart disease risk factors?,keto diet,4f010bc4
Why is it important to monitor your health during a major dietary change like keto?,keto diet,4f010bc4
What other health risks related to the keto diet should I be aware of?,keto diet,4f010bc4
What does the term 'macros' refer to in relation to the keto diet?,keto diet,15475b16
What are the three main macronutrients you should be aware of?,keto diet,15475b16
Why might someone consider counting macros on a keto diet?,keto diet,15475b16
How can tracking your keto macros assist with weight loss challenges?,keto diet,15475b16
What are the recommended intake goals for fats and proteins while on keto?,keto diet,15475b16
Is it necessary to limit protein intake for achieving ketosis?,keto diet,113fdb8b
How does overeating protein affect ketone levels?,keto diet,113fdb8b
What is the recommended protein intake range for a keto diet?,keto diet,113fdb8b
Can I maintain ketosis while consuming 35 grams of carbs?,keto diet,113fdb8b
What factors influence the protein intake range for ketosis?,keto diet,113fdb8b
What types of foods should I avoid on the keto diet?,keto diet,1cbea303
Which foods are typically included in keto meals?,keto diet,1cbea303
Are there specific vegetables that are suitable for a keto diet?,keto diet,1cbea303
"Can I consume dairy products, and if so, which ones?",keto diet,1cbea303
What are some examples of fats or oils I can use in keto cooking?,keto diet,1cbea303
Is there a sample menu available for the keto diet?,keto diet,764dc6be
Where can I find recipes that fit a ketogenic meal plan?,keto diet,764dc6be
How should I divide my macros for a keto diet?,keto diet,764dc6be
What types of meals can I expect on a keto menu?,keto diet,764dc6be
Do I need to customize my keto recipes based on my personal calorie needs?,keto diet,764dc6be
Are there any free options for trying the keto diet?,keto diet,8b478b1d
What resources can I use to start a keto diet?,keto diet,8b478b1d
How long do the recommended keto diet plans last?,keto diet,8b478b1d
What can I expect from a typical keto diet in terms of meals?,keto diet,8b478b1d
Will the keto diet plans help me with tracking my macros?,keto diet,8b478b1d
Is it possible to follow a keto diet without consuming dairy?,keto diet,af779349
What alternative fat sources can I use on a dairy-free keto diet?,keto diet,af779349
"Can I substitute heavy cream on the keto diet, and if so, with what?",keto diet,af779349
Are there plant-based cheese options available for the keto diet?,keto diet,af779349
What types of meats are suitable for a dairy-free keto diet?,keto diet,af779349
Is it possible to follow a keto diet as a vegetarian or vegan?,keto diet,591b5ae1
What planning is necessary for a vegetarian or vegan on a keto diet?,keto diet,591b5ae1
How do I make sure I get enough protein on a vegetarian or vegan keto diet?,keto diet,591b5ae1
What are the main food sources for a standard keto diet?,keto diet,591b5ae1
Are there resources available for vegetarian and vegan keto diets?,keto diet,591b5ae1
Is it possible to combine intermittent fasting with a keto diet?,keto diet,d0bf7e32
How does intermittent fasting complement a keto diet?,keto diet,d0bf7e32
Can I manage my hunger while doing intermittent fasting on keto?,keto diet,d0bf7e32
Are there any guides on combining intermittent fasting and keto?,keto diet,d0bf7e32
What benefits can I expect from using intermittent fasting with keto?,keto diet,d0bf7e32
What symptoms should I expect when starting the keto diet?,keto diet,27b3cfe8
Why do I feel like I have the flu after beginning the keto diet?,keto diet,27b3cfe8
How can I alleviate the flu-like symptoms on the keto diet?,keto diet,27b3cfe8
What role do electrolytes play when adapting to a low-carb diet?,keto diet,27b3cfe8
Are there specific foods or supplements that can help with keto flu?,keto diet,27b3cfe8
What are some remedies for constipation while on the keto diet?,keto diet,7e79a18c
How can I improve my bowel movements after starting the keto diet?,keto diet,7e79a18c
What should I eat to alleviate constipation on keto?,keto diet,7e79a18c
Are there specific supplements to consider for constipation on keto?,keto diet,7e79a18c
Is it normal to experience bowel movement issues when beginning the keto diet?,keto diet,7e79a18c
Is it possible to consume alcohol while following the keto diet?,keto diet,573525f7
What type of alcohol is safest to drink on a keto diet?,keto diet,573525f7
Are there any alcoholic beverages that should be avoided during keto?,keto diet,573525f7
Can I have flavored liquors if I'm on the keto diet?,keto diet,573525f7
What should I be cautious about when drinking alcohol on keto?,keto diet,573525f7
What steps can I take if I stop seeing weight loss results?,keto diet,5013f1cb
How can I recalculate my macros effectively?,keto diet,5013f1cb
What are some food items I should consider cutting out to lose weight?,keto diet,5013f1cb
How can I identify and eliminate hidden carbs in my diet?,keto diet,5013f1cb
What changes should I make to my morning routine to help with weight loss?,keto diet,5013f1cb
What are the potential reasons for unexpected weight gain while following the keto diet?,keto diet,2014aa8f
How can I improve my micronutrient intake on the keto diet?,keto diet,2014aa8f
What should I consider when choosing snacks to maintain my weight on keto?,keto diet,2014aa8f
How does alcohol consumption affect weight management on a keto diet?,keto diet,2014aa8f
What lifestyle factors should I focus on to prevent weight gain while on a keto diet?,keto diet,2014aa8f
Is it feasible for athletes to adopt a keto diet?,keto diet,79a6cdd5
How does the keto diet affect different training types?,keto diet,79a6cdd5
What should weightlifters consider when following a ketogenic diet?,keto diet,79a6cdd5
Can runners effectively use a ketogenic approach in their training?,keto diet,79a6cdd5
What modifications might be necessary for high-intensity training on keto?,keto diet,79a6cdd5
How does the keto diet affect blood glucose levels?,keto diet,0e5f82fa
Can the keto diet help with type 2 diabetes management?,keto diet,0e5f82fa
Is it possible for the keto diet to reverse type 2 diabetes?,keto diet,0e5f82fa
What is the relationship between carbohydrate intake and blood sugar?,keto diet,0e5f82fa
Why are low-carb diets recommended for diabetes?,keto diet,0e5f82fa
What are the common supplements recommended for someone on a keto diet?,keto diet,611f8e5c
Which vitamins should I consider taking while following a keto diet?,keto diet,611f8e5c
Is it necessary to take a multivitamin on the keto diet?,keto diet,611f8e5c
Should I consult a doctor before starting any supplements with keto?,keto diet,611f8e5c
Are there specific minerals that keto dieters need to supplement?,keto diet,611f8e5c
Is it advisable to use exogenous ketones while on a keto diet?,keto diet,7f7b5ffe
How do exogenous ketones and keto pills affect my body?,keto diet,7f7b5ffe
What is the role of MCT oil in a ketogenic diet?,keto diet,7f7b5ffe
Will taking MCTs help me achieve ketosis?,keto diet,7f7b5ffe
Can relying on exogenous ketones limit my body's natural ketone production?,keto diet,7f7b5ffe
Are all sugar-free sweeteners and sugar alcohols suitable for a keto diet?,keto diet,f643b4c6
Which sweeteners should I use to avoid insulin spikes on keto?,keto diet,f643b4c6
What are the best sugar alternatives for those following a keto diet?,keto diet,f643b4c6
Can you recommend specific natural sweeteners for a keto lifestyle?,keto diet,f643b4c6
Is there any resource to understand keto-friendly sweeteners better?,keto diet,f643b4c6
